use bil372;
INSERT INTO Yonetici (Ad, Soyad, Email, Sifre, Telefon, Adres) VALUES
('Ali', 'Kaya', 'ali.kaya@example.com', 'sifre123', '5551112233', 'Ankara'),
('Ayşe', 'Yılmaz', 'ayse.yilmaz@example.com', 'sifre456', '5551112244', 'Istanbul'),
('Mehmet', 'Demir', 'mehmet.demir@example.com', 'sifre789', '5551112255', 'Izmir'),
('Fatma', 'Kara', 'fatma.kara@example.com', 'sifre101', '5551112266', 'Antalya'),
('Cem', 'Arslan', 'cem.arslan@example.com', 'sifre102', '5551112277', 'Bursa'),
('Zeynep', 'Çelik', 'zeynep.celik@example.com', 'sifre103', '5551112288', 'Adana');

INSERT INTO Kaynak (KaynakAdi, KaynakCikisYili, StokSayisi, IadeEdilmesiGerekenMaxSure, SayfaSayisi, Dil, FizikselTur, KaynakTuru, EkleyenYonetici, EklenmeTarihi) VALUES
('Yapay Zeka', 2021, 5, 30, 350, 'Türkçe', 'Basılı', 'Kitap', 1, '2023-01-01'),
('Veri Bilimi', 2019, 3, 15, 200, 'İngilizce', 'Basılı', 'Kitap', 1, '2023-02-01'),
('Makine Öğrenimi', 2020, 4, 20, 300, 'Türkçe', 'Basılı', 'Kitap', 2, '2023-03-01'),
('Derin Öğrenme', 2018, 6, 25, 400, 'İngilizce', 'Basılı', 'Kitap', 2, '2023-04-01'),
('Bilgisayar Mühendisliği', 2017, 2, 10, 150, 'Türkçe', 'Basılı', 'Kitap', 3, '2023-05-01'),
('Yapay Sinir Ağları', 2021, 7, 35, 370, 'İngilizce', 'Basılı', 'Kitap', 3, '2023-06-01'),
('Doğal Dil İşleme', 2016, 3, 40, 220, 'Türkçe', 'Basılı', 'Kitap', 4, '2023-07-01'),
('Veritabanı Sistemleri', 2015, 8, 50, 500, 'İngilizce', 'Basılı', 'Kitap', 4, '2023-08-01'),
('Bilgi Güvenliği', 2019, 6, 45, 320, 'Türkçe', 'Basılı', 'Kitap', 5, '2023-09-01'),
('Siber Güvenlik', 2022, 4, 30, 280, 'İngilizce', 'Basılı', 'Kitap', 5, '2023-10-01'),
('Programlama', 2020, 5, 60, 450, 'Türkçe', 'Basılı', 'Kitap', 6, '2023-11-01'),
('Algoritmalar', 2018, 3, 20, 340, 'İngilizce', 'Basılı', 'Kitap', 6, '2023-12-01'),
('Matematik', 2014, 4, 40, 380, 'Türkçe', 'Basılı', 'Kitap', 1, '2023-01-02'),
('Fizik', 2013, 3, 50, 410, 'İngilizce', 'Basılı', 'Kitap', 1, '2023-02-02'),
('Kimya', 2012, 2, 30, 290, 'Türkçe', 'Basılı', 'Kitap', 2, '2023-03-02'),
('Biyoloji', 2011, 5, 25, 300, 'İngilizce', 'Basılı', 'Kitap', 2, '2023-04-02'),
('Sosyoloji', 2010, 3, 15, 270, 'Türkçe', 'Basılı', 'Kitap', 3, '2023-05-02'),
('Psikoloji', 2009, 6, 35, 360, 'İngilizce', 'Basılı', 'Kitap', 3, '2023-06-02'),
('Felsefe', 2008, 4, 45, 310, 'Türkçe', 'Basılı', 'Kitap', 4, '2023-07-02'),
('Tarih', 2007, 3, 20, 350, 'İngilizce', 'Basılı', 'Kitap', 4, '2023-08-02'),
('Coğrafya', 2006, 2, 50, 400, 'Türkçe', 'Basılı', 'Kitap', 5, '2023-09-02'),
('Ekonomi', 2005, 4, 25, 280, 'İngilizce', 'Basılı', 'Kitap', 5, '2023-10-02'),
('İstatistik', 2004, 5, 30, 370, 'Türkçe', 'Basılı', 'Kitap', 6, '2023-11-02'),
('Sanat', 2003, 3, 40, 450, 'İngilizce', 'Basılı', 'Kitap', 6, '2023-12-02'),
('Edebiyat', 2002, 6, 35, 330, 'Türkçe', 'Basılı', 'Kitap', 1, '2023-01-03'),
('Mühendislik', 2001, 5, 20, 340, 'İngilizce', 'Basılı', 'Kitap', 1, '2023-02-03'),
('Hukuk', 2000, 3, 15, 270, 'Türkçe', 'Basılı', 'Kitap', 2, '2023-03-03'),
('İşletme', 1999, 2, 25, 300, 'İngilizce', 'Basılı', 'Kitap', 2, '2023-04-03'),
('Sağlık', 1998, 4, 50, 360, 'Türkçe', 'Basılı', 'Kitap', 3, '2023-05-03'),
('Eğitim', 1997, 6, 35, 310, 'İngilizce', 'Basılı', 'Kitap', 3, '2023-06-03'),
('Güzel Sanatlar', 1996, 5, 20, 450, 'Türkçe', 'Basılı', 'Kitap', 4, '2023-07-03'),
('Mimarlık', 1995, 4, 15, 270, 'İngilizce', 'Basılı', 'Kitap', 4, '2023-08-03'),
('Şiir', 1994, 3, 25, 290, 'Türkçe', 'Basılı', 'Kitap', 5, '2023-09-03'),
('Roman', 1993, 2, 35, 320, 'İngilizce', 'Basılı', 'Kitap', 5, '2023-10-03'),
('Bilim Kurgu', 1992, 5, 45, 410, 'Türkçe', 'Basılı', 'Kitap', 6, '2023-11-03'),
('Klasik', 1991, 6, 40, 350, 'İngilizce', 'Basılı', 'Kitap', 6, '2023-12-03'),
('Modern', 1990, 3, 20, 370, 'Türkçe', 'Basılı', 'Kitap', 1, '2023-01-04'),
('Postmodern', 1989, 2, 30, 400, 'İngilizce', 'Basılı', 'Kitap', 1, '2023-02-04'),
('Deneme', 1988, 4, 25, 280, 'Türkçe', 'Basılı', 'Kitap', 2, '2023-03-04'),
('Anı', 1987, 5, 50, 300, 'İngilizce', 'Basılı', 'Kitap', 2, '2023-04-04'),
('Gezi', 1986, 6, 35, 320, 'Türkçe', 'Basılı', 'Kitap', 3, '2023-05-04'),
('Masal', 1985, 3, 20, 280, 'İngilizce', 'Basılı', 'Kitap', 3, '2023-06-04'),
('Hikaye', 1984, 2, 30, 310, 'Türkçe', 'Basılı', 'Kitap', 4, '2023-07-04'),
('Oyun', 1983, 4, 15, 340, 'İngilizce', 'Basılı', 'Kitap', 4, '2023-08-04'),
('Biyografi', 1982, 5, 25, 410, 'Türkçe', 'Basılı', 'Kitap', 5, '2023-09-04'),
('Otobiyografi', 1981, 6, 45, 450, 'İngilizce', 'Basılı', 'Kitap', 5, '2023-10-04'),
('Fabl', 1980, 3, 40, 360, 'Türkçe', 'Basılı', 'Kitap', 6, '2023-11-04'),
('Fantastik', 1979, 2, 20, 300, 'İngilizce', 'Basılı', 'Kitap', 6, '2023-12-04'),
('Polisiye', 1978, 4, 35, 270, 'Türkçe', 'Basılı', 'Kitap', 1, '2023-01-05'),
('Macera', 1977, 5, 20, 320, 'İngilizce', 'Basılı', 'Kitap', 1, '2023-02-05'),
('Korku', 1976, 6, 25, 400, 'Türkçe', 'Basılı', 'Kitap', 2, '2023-03-05'),
('Gerilim', 1975, 3, 15, 280, 'İngilizce', 'Basılı', 'Kitap', 2, '2023-04-05'),
('Bilim', 1974, 2, 45, 360, 'Türkçe', 'Basılı', 'Kitap', 3, '2023-05-05'),
('Sanayi', 1973, 4, 50, 310, 'İngilizce', 'Basılı', 'Kitap', 3, '2023-06-05'),
('Tarım', 1972, 5, 35, 410, 'Türkçe', 'Basılı', 'Kitap', 4, '2023-07-05'),
('Ekoloji', 1971, 6, 20, 270, 'İngilizce', 'Basılı', 'Kitap', 4, '2023-08-05'),
('Biyoteknoloji', 1970, 3, 15, 300, 'Türkçe', 'Basılı', 'Kitap', 5, '2023-09-05'),
('Mikrobiyoloji', 1969, 2, 25, 320, 'İngilizce', 'Basılı', 'Kitap', 5, '2023-10-05'),
('Genetik', 1968, 4, 35, 280, 'Türkçe', 'Basılı', 'Kitap', 6, '2023-11-05'),
('Nörobilim', 1967, 5, 45, 360, 'İngilizce', 'Basılı', 'Kitap', 6, '2023-12-05'),
('Fizyoloji', 1966, 6, 40, 400, 'Türkçe', 'Basılı', 'Kitap', 1, '2023-01-06'),
('Anatomi', 1965, 3, 20, 270, 'İngilizce', 'Basılı', 'Kitap', 1, '2023-02-06'),
('Farmakoloji', 1964, 2, 30, 290, 'Türkçe', 'Basılı', 'Kitap', 2, '2023-03-06'),
('Toksikoloji', 1963, 4, 25, 310, 'İngilizce', 'Basılı', 'Kitap', 2, '2023-04-06'),
('Psikiyatri', 1962, 5, 50, 350, 'Türkçe', 'Basılı', 'Kitap', 3, '2023-05-06'),
('Cerrahi', 1961, 6, 35, 450, 'İngilizce', 'Basılı', 'Kitap', 3, '2023-06-06'),
('Pediatri', 1960, 5, 20, 280, 'Türkçe', 'Basılı', 'Kitap', 4, '2023-07-06'),
('Kardiyoloji', 1959, 4, 15, 320, 'İngilizce', 'Basılı', 'Kitap', 4, '2023-08-06'),
('Ortopedi', 1958, 3, 25, 300, 'Türkçe', 'Basılı', 'Kitap', 5, '2023-09-06'),
('Gastroenteroloji', 1957, 2, 35, 370, 'İngilizce', 'Basılı', 'Kitap', 5, '2023-10-06'),
('Nefroloji', 1956, 4, 45, 360, 'Türkçe', 'Basılı', 'Kitap', 6, '2023-11-06'),
('Endokrinoloji', 1955, 5, 40, 300, 'İngilizce', 'Basılı', 'Kitap', 6, '2023-12-06'),
('Onkoloji', 1954, 6, 20, 290, 'Türkçe', 'Basılı', 'Kitap', 1, '2023-01-07'),
('Radyoloji', 1953, 3, 30, 400, 'İngilizce', 'Basılı', 'Kitap', 1, '2023-02-07'),
('Nükleer Tıp', 1952, 2, 25, 320, 'Türkçe', 'Basılı', 'Kitap', 2, '2023-03-07'),
('Genetik Mühendisliği', 1951, 4, 35, 350, 'İngilizce', 'Basılı', 'Kitap', 2, '2023-04-07'),
('Moleküler Biyoloji', 1950, 5, 50, 370, 'Türkçe', 'Basılı', 'Kitap', 3, '2023-05-07'),
('Astrofizik', 1949, 6, 35, 280, 'İngilizce', 'Basılı', 'Kitap', 3, '2023-06-07'),
('Astronomi', 1948, 3, 20, 310, 'Türkçe', 'Basılı', 'Kitap', 4, '2023-07-07'),
('Jeoloji', 1947, 2, 30, 340, 'İngilizce', 'Basılı', 'Kitap', 4, '2023-08-07'),
('Meteoroloji', 1946, 4, 15, 410, 'Türkçe', 'Basılı', 'Kitap', 5, '2023-09-07'),
('Oşinografi', 1945, 5, 25, 450, 'İngilizce', 'Basılı', 'Kitap', 5, '2023-10-07'),
('İklim Bilimi', 1944, 6, 45, 280, 'Türkçe', 'Basılı', 'Kitap', 6, '2023-11-07'),
('Çevre Bilimi', 1943, 3, 40, 300, 'İngilizce', 'Basılı', 'Kitap', 6, '2023-12-07'),
('Gıda Mühendisliği', 1942, 2, 20, 320, 'Türkçe', 'Basılı', 'Kitap', 1, '2023-01-08'),
('Su Ürünleri', 1941, 4, 35, 300, 'İngilizce', 'Basılı', 'Kitap', 1, '2023-02-08'),
('Ziraat', 1940, 5, 15, 270, 'Türkçe', 'Basılı', 'Kitap', 2, '2023-03-08'),
('Veterinerlik', 1939, 6, 25, 320, 'İngilizce', 'Basılı', 'Kitap', 2, '2023-04-08'),
('Ormancılık', 1938, 3, 50, 290, 'Türkçe', 'Basılı', 'Kitap', 3, '2023-05-08'),
('Bahçecilik', 1937, 2, 35, 360, 'İngilizce', 'Basılı', 'Kitap', 3, '2023-06-08'),
('Çiçekçilik', 1936, 4, 20, 310, 'Türkçe', 'Basılı', 'Kitap', 4, '2023-07-08'),
('Bitki Bilimi', 1935, 5, 15, 450, 'İngilizce', 'Basılı', 'Kitap', 4, '2023-08-08'),
('Zooloji', 1934, 6, 25, 270, 'Türkçe', 'Basılı', 'Kitap', 5, '2023-09-08'),
('Deniz Biyolojisi', 1933, 3, 30, 320, 'İngilizce', 'Basılı', 'Kitap', 5, '2023-10-08'),
('Ornitoloji', 1932, 2, 45, 300, 'Türkçe', 'Basılı', 'Kitap', 6, '2023-11-08'),
('Entomoloji', 1931, 4, 50, 370, 'İngilizce', 'Basılı', 'Kitap', 6, '2023-12-08');

-- Kaynak tablosuna eklemeler
INSERT INTO Kaynak (KaynakAdi, KaynakCikisYili, StokSayisi, IadeEdilmesiGerekenMaxSure, SayfaSayisi, Dil, FizikselTur, KaynakTuru, EkleyenYonetici, EklenmeTarihi) VALUES
('Ekosistem Bilimi', 1930, 3, 20, 310, 'Türkçe', 'Basılı', 'Kitap', 1, '2023-01-09'),
('Moleküler Genetik', 1929, 2, 30, 290, 'İngilizce', 'Basılı', 'Kitap', 1, '2023-02-09'),
('Adli Tıp', 1928, 4, 25, 350, 'Türkçe', 'Basılı', 'Kitap', 2, '2023-03-09'),
('Yenilenebilir Enerji Sistemleri', 1927, 5, 50, 400, 'İngilizce', 'Basılı', 'Kitap', 2, '2023-04-09');

-- Ansiklopedi
INSERT INTO Kaynak (KaynakAdi, KaynakCikisYili, StokSayisi, IadeEdilmesiGerekenMaxSure, SayfaSayisi, Dil, FizikselTur, KaynakTuru, EkleyenYonetici, EklenmeTarihi) VALUES
('Genel Kültür Ansiklopedisi', 2020, 2, 15, 1000, 'Türkçe', 'Basılı', 'Ansiklopedi', 1, '2023-01-01'),
('Bilim Ansiklopedisi', 2018, 3, 30, 1500, 'İngilizce', 'Basılı', 'Ansiklopedi', 1, '2023-02-01'),
('Sanat Ansiklopedisi', 2019, 2, 20, 1200, 'Fransızca', 'Basılı', 'Ansiklopedi', 2, '2023-03-01'),
('Tarih Ansiklopedisi', 2021, 4, 25, 1400, 'Türkçe', 'Basılı', 'Ansiklopedi', 2, '2023-04-01'),
('Teknoloji Ansiklopedisi', 2017, 5, 20, 1300, 'İngilizce', 'Basılı', 'Ansiklopedi', 3, '2023-05-01'),
('Coğrafya Ansiklopedisi', 2022, 2, 15, 1100, 'Türkçe', 'Basılı', 'Ansiklopedi', 3, '2023-06-01'),
('Astronomi Ansiklopedisi', 2016, 1, 20, 1000, 'İngilizce', 'Basılı', 'Ansiklopedi', 4, '2023-07-01'),
('Müzik Ansiklopedisi', 2020, 3, 25, 1400, 'Türkçe', 'Basılı', 'Ansiklopedi', 4, '2023-08-01'),
('Sosyoloji Ansiklopedisi', 2015, 2, 30, 1500, 'İngilizce', 'Basılı', 'Ansiklopedi', 5, '2023-09-01'),
('Psikoloji Ansiklopedisi', 2021, 4, 35, 1600, 'Türkçe', 'Basılı', 'Ansiklopedi', 5, '2023-10-01'),
('Felsefe Ansiklopedisi', 2018, 1, 20, 1300, 'İngilizce', 'Basılı', 'Ansiklopedi', 6, '2023-11-01'),
('Mitoloji Ansiklopedisi', 2020, 2, 15, 1100, 'Türkçe', 'Basılı', 'Ansiklopedi', 6, '2023-12-01'),
('Kimya Ansiklopedisi', 2017, 3, 30, 1500, 'İngilizce', 'Basılı', 'Ansiklopedi', 1, '2023-01-15'),
('Fizik Ansiklopedisi', 2019, 2, 25, 1400, 'Türkçe', 'Basılı', 'Ansiklopedi', 2, '2023-02-15'),
('Biyoloji Ansiklopedisi', 2016, 4, 20, 1200, 'İngilizce', 'Basılı', 'Ansiklopedi', 3, '2023-03-15'),
('Ekonomi Ansiklopedisi', 2021, 5, 15, 1000, 'Türkçe', 'Basılı', 'Ansiklopedi', 4, '2023-04-15'),
('Hukuk Ansiklopedisi', 2018, 3, 30, 1500, 'İngilizce', 'Basılı', 'Ansiklopedi', 5, '2023-05-15'),
('Tıp Ansiklopedisi', 2020, 2, 25, 1400, 'Türkçe', 'Basılı', 'Ansiklopedi', 6, '2023-06-15'),
('Antropoloji Ansiklopedisi', 2015, 4, 20, 1200, 'İngilizce', 'Basılı', 'Ansiklopedi', 1, '2023-07-15'),
('Arkeoloji Ansiklopedisi', 2017, 1, 15, 1100, 'Türkçe', 'Basılı', 'Ansiklopedi', 2, '2023-08-15');

INSERT INTO Kitap (KaynakID, Konu, Tur, Yayinevi) VALUES
(1, 'Makine Öğrenimi', 'Bilim', 'Akademik Yayıncılık'),
(2, 'Veri Analizi', 'Bilim', 'Bilgi Yayıncılık'),
(3, 'Derin Öğrenme', 'Bilim', 'Teknik Kitaplar'),
(4, 'Doğal Dil İşleme', 'Bilim', 'Teknoloji Yayınları'),
(5, 'Yapay Sinir Ağları', 'Bilim', 'Bilimsel Yayıncılık'),
(6, 'Veri Madenciliği', 'Bilim', 'Dijital Yayıncılık'),
(7, 'Bilgisayar Görüşü', 'Bilim', 'Bilgi Dağıtım'),
(8, 'Robotik', 'Bilim', 'Teknik Dağıtım'),
(9, 'Veri Bilimi', 'Bilim', 'Veri Yayıncılık'),
(10, 'Büyük Veri', 'Bilim', 'Gelişim Yayıncılık'),
(11, 'Algoritmalar', 'Bilim', 'Akademik Dağıtım'),
(12, 'Kriptografi', 'Bilim', 'Güvenlik Yayıncılık'),
(13, 'Siber Güvenlik', 'Bilim', 'Siber Yayıncılık'),
(14, 'Yazılım Mühendisliği', 'Bilim', 'Yazılım Yayıncılık'),
(15, 'Bilgisayar Ağları', 'Bilim', 'İletişim Yayıncılık'),
(16, 'Veritabanı Yönetimi', 'Bilim', 'Veritabanı Yayıncılık'),
(17, 'Bulut Bilişim', 'Bilim', 'Bulut Yayıncılık'),
(18, 'Mobil Programlama', 'Bilim', 'Mobil Yayıncılık'),
(19, 'Yapay Zeka', 'Bilim', 'Zeka Yayıncılık'),
(20, 'Veri Tabanları', 'Bilim', 'Veri Yayıncılık'),
(21, 'Sistem Programlama', 'Bilim', 'Sistem Yayıncılık'),
(22, 'Oyun Geliştirme', 'Bilim', 'Oyun Yayıncılık'),
(23, 'İnsan Bilgisayar Etkileşimi', 'Bilim', 'Etkileşim Yayıncılık'),
(24, 'Sanal Gerçeklik', 'Bilim', 'Gerçeklik Yayıncılık'),
(25, 'Arttırılmış Gerçeklik', 'Bilim', 'Teknoloji Dağıtım'),
(26, 'Bilgisayar Grafikleri', 'Bilim', 'Grafik Yayıncılık'),
(27, 'Programlama Dilleri', 'Bilim', 'Programlama Yayıncılık'),
(28, 'Yazılım Testi', 'Bilim', 'Test Yayıncılık'),
(29, 'Yazılım Kalitesi', 'Bilim', 'Kalite Yayıncılık'),
(30, 'Veri Yapıları', 'Bilim', 'Yapı Yayıncılık'),
(31, 'Bilgisayar Mimarisı', 'Bilim', 'Mimari Yayıncılık'),
(32, 'İşletim Sistemleri', 'Bilim', 'Sistem Dağıtım'),
(33, 'Sinyal İşleme', 'Bilim', 'Sinyal Yayıncılık'),
(34, 'Sayısal Mantık', 'Bilim', 'Mantık Yayıncılık'),
(35, 'Mikroişlemciler', 'Bilim', 'Mikro Yayıncılık'),
(36, 'Gömülü Sistemler', 'Bilim', 'Gömülü Yayıncılık'),
(37, 'Nesnelerin İnterneti', 'Bilim', 'İnternet Yayıncılık'),
(38, 'Endüstri 4.0', 'Bilim', 'Endüstri Yayıncılık'),
(39, 'Bilişim Etiği', 'Bilim', 'Etik Yayıncılık'),
(40, 'Bilişim Hukuku', 'Bilim', 'Hukuk Yayıncılık'),
(41, 'Yapay Zeka Uygulamaları', 'Bilim', 'Uygulama Yayıncılık'),
(42, 'Makine Öğrenmesi Uygulamaları', 'Bilim', 'Uygulama Dağıtım'),
(43, 'Veri Bilimi Uygulamaları', 'Bilim', 'Uygulama Yayıncılık'),
(44, 'Büyük Veri Uygulamaları', 'Bilim', 'Veri Dağıtım'),
(45, 'Bulut Bilişim Uygulamaları', 'Bilim', 'Bulut Yayıncılık'),
(46, 'Kriptografi Uygulamaları', 'Bilim', 'Güvenlik Yayıncılık'),
(47, 'Siber Güvenlik Uygulamaları', 'Bilim', 'Siber Dağıtım'),
(48, 'Yazılım Mühendisliği Uygulamaları', 'Bilim', 'Yazılım Yayıncılık'),
(49, 'Bilgisayar Ağları Uygulamaları', 'Bilim', 'İletişim Yayıncılık'),
(50, 'Veritabanı Yönetimi Uygulamaları', 'Bilim', 'Veritabanı Yayıncılık'),
(51, 'Mobil Programlama Uygulamaları', 'Bilim', 'Mobil Yayıncılık'),
(52, 'Sistem Programlama Uygulamaları', 'Bilim', 'Sistem Yayıncılık'),
(53, 'Oyun Geliştirme Uygulamaları', 'Bilim', 'Oyun Yayıncılık'),
(54, 'İnsan Bilgisayar Etkileşimi Uygulamaları', 'Bilim', 'Etkileşim Yayıncılık'),
(55, 'Sanal Gerçeklik Uygulamaları', 'Bilim', 'Gerçeklik Yayıncılık'),
(56, 'Arttırılmış Gerçeklik Uygulamaları', 'Bilim', 'Teknoloji Dağıtım'),
(57, 'Bilgisayar Grafikleri Uygulamaları', 'Bilim', 'Grafik Yayıncılık'),
(58, 'Programlama Dilleri Uygulamaları', 'Bilim', 'Programlama Yayıncılık'),
(59, 'Yazılım Testi Uygulamaları', 'Bilim', 'Test Yayıncılık'),
(60, 'Yazılım Kalitesi Uygulamaları', 'Bilim', 'Kalite Yayıncılık'),
(61, 'Veri Yapıları Uygulamaları', 'Bilim', 'Yapı Yayıncılık'),
(62, 'Bilgisayar Mimarisi Uygulamaları', 'Bilim', 'Mimari Yayıncılık'),
(63, 'İşletim Sistemleri Uygulamaları', 'Bilim', 'Sistem Dağıtım'),
(64, 'Sinyal İşleme Uygulamaları', 'Bilim', 'Sinyal Yayıncılık'),
(65, 'Sayısal Mantık Uygulamaları', 'Bilim', 'Mantık Yayıncılık'),
(66, 'Mikroişlemciler Uygulamaları', 'Bilim', 'Mikro Yayıncılık'),
(67, 'Gömülü Sistemler Uygulamaları', 'Bilim', 'Gömülü Yayıncılık'),
(68, 'Nesnelerin İnterneti Uygulamaları', 'Bilim', 'İnternet Yayıncılık'),
(69, 'Endüstri 4.0 Uygulamaları', 'Bilim', 'Endüstri Yayıncılık'),
(70, 'Bilişim Etiği Uygulamaları', 'Bilim', 'Etik Yayıncılık'),
(71, 'Bilişim Hukuku Uygulamaları', 'Bilim', 'Hukuk Yayıncılık'),
(72, 'Yapay Zeka Pratikleri', 'Bilim', 'Uygulama Yayıncılık'),
(73, 'Makine Öğrenmesi Pratikleri', 'Bilim', 'Uygulama Dağıtım'),
(74, 'Veri Bilimi Pratikleri', 'Bilim', 'Uygulama Yayıncılık'),
(75, 'Büyük Veri Pratikleri', 'Bilim', 'Veri Dağıtım'),
(76, 'Bulut Bilişim Pratikleri', 'Bilim', 'Bulut Yayıncılık'),
(77, 'Kriptografi Pratikleri', 'Bilim', 'Güvenlik Yayıncılık'),
(78, 'Siber Güvenlik Pratikleri', 'Bilim', 'Siber Dağıtım'),
(79, 'Yazılım Mühendisliği Pratikleri', 'Bilim', 'Yazılım Yayıncılık'),
(80, 'Bilgisayar Ağları Pratikleri', 'Bilim', 'İletişim Yayıncılık'),
(81, 'Veritabanı Yönetimi Pratikleri', 'Bilim', 'Veritabanı Yayıncılık'),
(82, 'Mobil Programlama Pratikleri', 'Bilim', 'Mobil Yayıncılık'),
(83, 'Sistem Programlama Pratikleri', 'Bilim', 'Sistem Yayıncılık'),
(84, 'Oyun Geliştirme Pratikleri', 'Bilim', 'Oyun Yayıncılık'),
(85, 'İnsan Bilgisayar Etkileşimi Pratikleri', 'Bilim', 'Etkileşim Yayıncılık'),
(86, 'Sanal Gerçeklik Pratikleri', 'Bilim', 'Gerçeklik Yayıncılık'),
(87, 'Arttırılmış Gerçeklik Pratikleri', 'Bilim', 'Teknoloji Dağıtım'),
(88, 'Bilgisayar Grafikleri Pratikleri', 'Bilim', 'Grafik Yayıncılık'),
(89, 'Programlama Dilleri Pratikleri', 'Bilim', 'Programlama Yayıncılık'),
(90, 'Yazılım Testi Pratikleri', 'Bilim', 'Test Yayıncılık'),
(91, 'Yazılım Kalitesi Pratikleri', 'Bilim', 'Kalite Yayıncılık'),
(92, 'Veri Yapıları Pratikleri', 'Bilim', 'Yapı Yayıncılık'),
(93, 'Bilgisayar Mimarisi Pratikleri', 'Bilim', 'Mimari Yayıncılık'),
(94, 'İşletim Sistemleri Pratikleri', 'Bilim', 'Sistem Dağıtım'),
(95, 'Sinyal İşleme Pratikleri', 'Bilim', 'Sinyal Yayıncılık'),
(96, 'Sayısal Mantık Pratikleri', 'Bilim', 'Mantık Yayıncılık'),
(97, 'Mikroişlemciler Pratikleri', 'Bilim', 'Mikro Yayıncılık'),
(98, 'Gömülü Sistemler Pratikleri', 'Bilim', 'Gömülü Yayıncılık'),
(99, 'Nesnelerin İnterneti Pratikleri', 'Bilim', 'İnternet Yayıncılık'),
(100, 'Endüstri 4.0 Pratikleri', 'Bilim', 'Endüstri Yayıncılık');

INSERT INTO Ansiklopedi (KaynakID, CiltNo, Alan) VALUES
(101, 1, 'Genel Kültür'),
(102, 1, 'Bilim'),
(103, 1, 'Sanat'),
(104, 1, 'Tarih'),
(105, 1, 'Teknoloji'),
(106, 1, 'Coğrafya'),
(107, 1, 'Astronomi'),
(108, 1, 'Müzik'),
(109, 1, 'Sosyoloji'),
(110, 1, 'Psikoloji'),
(111, 1, 'Felsefe'),
(112, 1, 'Mitoloji'),
(113, 1, 'Kimya'),
(114, 1, 'Fizik'),
(115, 1, 'Biyoloji'),
(116, 1, 'Ekonomi'),
(117, 1, 'Hukuk'),
(118, 1, 'Tıp'),
(119, 1, 'Antropoloji'),
(120, 1, 'Arkeoloji');


-- Kaynak Tablosuna Dergiler için 30 veri ekleme
INSERT INTO Kaynak (KaynakAdi, KaynakCikisYili, StokSayisi, IadeEdilmesiGerekenMaxSure, SayfaSayisi, Dil, FizikselTur, KaynakTuru, EkleyenYonetici, EklenmeTarihi) VALUES
('Bilim ve Teknik', 2023, 10, 7, 120, 'Türkçe', 'Basılı', 'Dergi', 1, '2023-01-01'),
('Popüler Bilim', 2023, 8, 7, 90, 'İngilizce', 'Basılı', 'Dergi', 1, '2023-01-02'),
('National Geographic', 2023, 15, 7, 140, 'Türkçe', 'Basılı', 'Dergi', 2, '2023-01-03'),
('Tarih Dergisi', 2023, 5, 7, 100, 'Türkçe', 'Basılı', 'Dergi', 2, '2023-01-04'),
('Bilim ve Gelecek', 2023, 12, 7, 110, 'Türkçe', 'Basılı', 'Dergi', 3, '2023-01-05'),
('Astronomi ve Uzay', 2023, 7, 7, 130, 'İngilizce', 'Basılı', 'Dergi', 3, '2023-01-06'),
('Coğrafya Dünyası', 2023, 9, 7, 120, 'Türkçe', 'Basılı', 'Dergi', 4, '2023-01-07'),
('Sanat ve Kültür', 2023, 6, 7, 90, 'Türkçe', 'Basılı', 'Dergi', 4, '2023-01-08'),
('Ekonomi ve Finans', 2023, 11, 7, 100, 'Türkçe', 'Basılı', 'Dergi', 5, '2023-01-09'),
('Teknoloji Günlüğü', 2023, 10, 7, 110, 'İngilizce', 'Basılı', 'Dergi', 5, '2023-01-10'),
('Psikoloji ve Yaşam', 2023, 5, 7, 95, 'Türkçe', 'Basılı', 'Dergi', 6, '2023-01-11'),
('Sosyoloji Araştırmaları', 2023, 8, 7, 100, 'Türkçe', 'Basılı', 'Dergi', 6, '2023-01-12'),
('Müzik Dünyası', 2023, 7, 7, 120, 'Türkçe', 'Basılı', 'Dergi', 1, '2023-01-13'),
('Moda ve Tasarım', 2023, 6, 7, 110, 'Türkçe', 'Basılı', 'Dergi', 1, '2023-01-14'),
('Spor ve Sağlık', 2023, 9, 7, 100, 'Türkçe', 'Basılı', 'Dergi', 2, '2023-01-15'),
('Gençlik Dergisi', 2023, 10, 7, 105, 'Türkçe', 'Basılı', 'Dergi', 2, '2023-01-16'),
('Çocuk ve Eğitim', 2023, 7, 7, 95, 'Türkçe', 'Basılı', 'Dergi', 3, '2023-01-17'),
('Doğa ve Yaşam', 2023, 8, 7, 120, 'Türkçe', 'Basılı', 'Dergi', 3, '2023-01-18'),
('Tıp ve Sağlık', 2023, 6, 7, 110, 'Türkçe', 'Basılı', 'Dergi', 4, '2023-01-19'),
('Bilim Kurgu', 2023, 5, 7, 100, 'Türkçe', 'Basılı', 'Dergi', 4, '2023-01-20'),
('Hukuk ve Adalet', 2023, 10, 7, 130, 'Türkçe', 'Basılı', 'Dergi', 5, '2023-01-21'),
('Felsefe ve Düşünce', 2023, 7, 7, 140, 'Türkçe', 'Basılı', 'Dergi', 5, '2023-01-22'),
('Mitoloji ve Efsaneler', 2023, 8, 7, 90, 'Türkçe', 'Basılı', 'Dergi', 6, '2023-01-23'),
('Kimya Dergisi', 2023, 6, 7, 110, 'Türkçe', 'Basılı', 'Dergi', 6, '2023-01-24'),
('Fizik ve Evren', 2023, 5, 7, 95, 'Türkçe', 'Basılı', 'Dergi', 1, '2023-01-25'),
('Biyoloji ve Genetik', 2023, 8, 7, 120, 'Türkçe', 'Basılı', 'Dergi', 1, '2023-01-26'),
('Antropoloji Dergisi', 2023, 10, 7, 110, 'Türkçe', 'Basılı', 'Dergi', 2, '2023-01-27'),
('Arkeoloji ve Tarih', 2023, 9, 7, 100, 'Türkçe', 'Basılı', 'Dergi', 2, '2023-01-28'),
('Astronomi ve Uzay Bilimleri', 2023, 7, 7, 130, 'Türkçe', 'Basılı', 'Dergi', 3, '2023-01-29'),
('Sanat ve Tasarım Dergisi', 2023, 8, 7, 95, 'Türkçe', 'Basılı', 'Dergi', 3, '2023-01-30');

-- Dergi Tablosuna 30 veri ekleme
INSERT INTO Dergi (KaynakID, YayinTarihi, Aralik, Tur) VALUES
(121, '2023-01-01', 'Aylık', 'Bilim'),
(122, '2023-01-02', 'Aylık', 'Bilim'),
(123, '2023-01-03', 'Aylık', 'Bilim'),
(124, '2023-01-04', 'Aylık', 'Tarih'),
(125, '2023-01-05', 'Aylık', 'Bilim'),
(126, '2023-01-06', 'Aylık', 'Astronomi'),
(127, '2023-01-07', 'Aylık', 'Coğrafya'),
(128, '2023-01-08', 'Aylık', 'Sanat'),
(129, '2023-01-09', 'Aylık', 'Ekonomi'),
(130, '2023-01-10', 'Aylık', 'Teknoloji'),
(131, '2023-01-11', 'Aylık', 'Psikoloji'),
(132, '2023-01-12', 'Aylık', 'Sosyoloji'),
(133, '2023-01-13', 'Aylık', 'Müzik'),
(134, '2023-01-14', 'Aylık', 'Moda'),
(135, '2023-01-15', 'Aylık', 'Spor'),
(136, '2023-01-16', 'Aylık', 'Gençlik'),
(137, '2023-01-17', 'Aylık', 'Eğitim'),
(138, '2023-01-18', 'Aylık', 'Doğa'),
(139, '2023-01-19', 'Aylık', 'Tıp'),
(140, '2023-01-20', 'Aylık', 'Bilim Kurgu'),
(141, '2023-01-21', 'Aylık', 'Hukuk'),
(142, '2023-01-22', 'Aylık', 'Felsefe'),
(143, '2023-01-23', 'Aylık', 'Mitoloji'),
(144, '2023-01-24', 'Aylık', 'Kimya'),
(145, '2023-01-25', 'Aylık', 'Fizik'),
(146, '2023-01-26', 'Aylık', 'Biyoloji'),
(147, '2023-01-27', 'Aylık', 'Antropoloji'),
(148, '2023-01-28', 'Aylık', 'Arkeoloji'),
(149, '2023-01-29', 'Aylık', 'Astronomi'),
(150, '2023-01-30', 'Aylık', 'Sanat');


-- fiziksel tablosu
INSERT INTO Fiziksel (KaynakID, KaynakKonumu) VALUES
(1, 'Raf 5, Sıra 2'),
(2, 'Raf 6, Sıra 3'),
(3, 'Raf 1, Sıra 1'),
(4, 'Raf 2, Sıra 4'),
(5, 'Raf 3, Sıra 2'),
(6, 'Raf 4, Sıra 5'),
(7, 'Raf 5, Sıra 3'),
(8, 'Raf 6, Sıra 2'),
(9, 'Raf 1, Sıra 4'),
(10, 'Raf 2, Sıra 1'),
(11, 'Raf 3, Sıra 3'),
(12, 'Raf 4, Sıra 2'),
(13, 'Raf 5, Sıra 4'),
(14, 'Raf 6, Sıra 1'),
(15, 'Raf 1, Sıra 3'),
(16, 'Raf 2, Sıra 5'),
(17, 'Raf 3, Sıra 1'),
(18, 'Raf 4, Sıra 4'),
(19, 'Raf 5, Sıra 1'),
(20, 'Raf 6, Sıra 4'),
(21, 'Raf 1, Sıra 2'),
(22, 'Raf 2, Sıra 3'),
(23, 'Raf 3, Sıra 4'),
(24, 'Raf 4, Sıra 1'),
(25, 'Raf 5, Sıra 5'),
(26, 'Raf 6, Sıra 5'),
(27, 'Raf 1, Sıra 5'),
(28, 'Raf 2, Sıra 2'),
(29, 'Raf 3, Sıra 5'),
(30, 'Raf 4, Sıra 3'),
(31, 'Raf 7, Sıra 2'),
(32, 'Raf 8, Sıra 3'),
(33, 'Raf 7, Sıra 1'),
(34, 'Raf 8, Sıra 2'),
(35, 'Raf 7, Sıra 3'),
(36, 'Raf 8, Sıra 1'),
(37, 'Raf 7, Sıra 4'),
(38, 'Raf 8, Sıra 4'),
(39, 'Raf 7, Sıra 5'),
(40, 'Raf 8, Sıra 5'),
(41, 'Raf 9, Sıra 1'),
(42, 'Raf 10, Sıra 2'),
(43, 'Raf 9, Sıra 2'),
(44, 'Raf 10, Sıra 3'),
(45, 'Raf 9, Sıra 3'),
(46, 'Raf 10, Sıra 1'),
(47, 'Raf 9, Sıra 4'),
(48, 'Raf 10, Sıra 4'),
(49, 'Raf 9, Sıra 5'),
(50, 'Raf 10, Sıra 5'),
(51, 'Raf 11, Sıra 1'),
(52, 'Raf 12, Sıra 2'),
(53, 'Raf 11, Sıra 2'),
(54, 'Raf 12, Sıra 3'),
(55, 'Raf 11, Sıra 3'),
(56, 'Raf 12, Sıra 1'),
(57, 'Raf 11, Sıra 4'),
(58, 'Raf 12, Sıra 4'),
(59, 'Raf 11, Sıra 5'),
(60, 'Raf 12, Sıra 5'),
(61, 'Raf 13, Sıra 1'),
(62, 'Raf 14, Sıra 2'),
(63, 'Raf 13, Sıra 2'),
(64, 'Raf 14, Sıra 3'),
(65, 'Raf 13, Sıra 3'),
(66, 'Raf 14, Sıra 1'),
(67, 'Raf 13, Sıra 4'),
(68, 'Raf 14, Sıra 4'),
(69, 'Raf 13, Sıra 5'),
(70, 'Raf 14, Sıra 5'),
(71, 'Raf 15, Sıra 1'),
(72, 'Raf 16, Sıra 2'),
(73, 'Raf 15, Sıra 2'),
(74, 'Raf 16, Sıra 3'),
(75, 'Raf 15, Sıra 3'),
(76, 'Raf 16, Sıra 1'),
(77, 'Raf 15, Sıra 4'),
(78, 'Raf 16, Sıra 4'),
(79, 'Raf 15, Sıra 5'),
(80, 'Raf 16, Sıra 5'),
(81, 'Raf 17, Sıra 1'),
(82, 'Raf 18, Sıra 2'),
(83, 'Raf 17, Sıra 2'),
(84, 'Raf 18, Sıra 3'),
(85, 'Raf 17, Sıra 3'),
(86, 'Raf 18, Sıra 1'),
(87, 'Raf 17, Sıra 4'),
(88, 'Raf 18, Sıra 4'),
(89, 'Raf 17, Sıra 5'),
(90, 'Raf 18, Sıra 5'),
(91, 'Raf 19, Sıra 1'),
(92, 'Raf 20, Sıra 2'),
(93, 'Raf 19, Sıra 2'),
(94, 'Raf 20, Sıra 3'),
(95, 'Raf 19, Sıra 3'),
(96, 'Raf 20, Sıra 1'),
(97, 'Raf 19, Sıra 4'),
(98, 'Raf 20, Sıra 4'),
(99, 'Raf 19, Sıra 5'),
(100, 'Raf 20, Sıra 5'),
(101, 'Raf 21, Sıra 1'),
(102, 'Raf 21, Sıra 2'),
(103, 'Raf 21, Sıra 3'),
(104, 'Raf 21, Sıra 4'),
(105, 'Raf 21, Sıra 5'),
(106, 'Raf 22, Sıra 1'),
(107, 'Raf 22, Sıra 2'),
(108, 'Raf 22, Sıra 3'),
(109, 'Raf 22, Sıra 4'),
(110, 'Raf 22, Sıra 5'),
(111, 'Raf 23, Sıra 1'),
(112, 'Raf 23, Sıra 2'),
(113, 'Raf 23, Sıra 3'),
(114, 'Raf 23, Sıra 4'),
(115, 'Raf 23, Sıra 5'),
(116, 'Raf 24, Sıra 1'),
(117, 'Raf 24, Sıra 2'),
(118, 'Raf 24, Sıra 3'),
(119, 'Raf 24, Sıra 4'),
(120, 'Raf 24, Sıra 5'),
(121, 'Raf 25, Sıra 1'),
(122, 'Raf 25, Sıra 2'),
(123, 'Raf 25, Sıra 3'),
(124, 'Raf 25, Sıra 4'),
(125, 'Raf 25, Sıra 5'),
(126, 'Raf 26, Sıra 1'),
(127, 'Raf 26, Sıra 2'),
(128, 'Raf 26, Sıra 3'),
(129, 'Raf 26, Sıra 4'),
(130, 'Raf 26, Sıra 5'),
(131, 'Raf 27, Sıra 1'),
(132, 'Raf 27, Sıra 2'),
(133, 'Raf 27, Sıra 3'),
(134, 'Raf 27, Sıra 4'),
(135, 'Raf 27, Sıra 5'),
(136, 'Raf 28, Sıra 1'),
(137, 'Raf 28, Sıra 2'),
(138, 'Raf 28, Sıra 3'),
(139, 'Raf 28, Sıra 4'),
(140, 'Raf 28, Sıra 5'),
(141, 'Raf 29, Sıra 1'),
(142, 'Raf 29, Sıra 2'),
(143, 'Raf 29, Sıra 3'),
(144, 'Raf 29, Sıra 4'),
(145, 'Raf 29, Sıra 5'),
(146, 'Raf 30, Sıra 1'),
(147, 'Raf 30, Sıra 2'),
(148, 'Raf 30, Sıra 3'),
(149, 'Raf 30, Sıra 4'),
(150, 'Raf 30, Sıra 5');

-- EKaynak

INSERT INTO Kaynak (KaynakID, KaynakAdi, KaynakCikisYili, StokSayisi, IadeEdilmesiGerekenMaxSure, SayfaSayisi, Dil, FizikselTur, KaynakTuru, EkleyenYonetici, EklenmeTarihi) VALUES
(151, 'Veri Bilimi', 2019, 3, 15, 200, 'İngilizce', 'Dijital', 'Kitap', 1, '2023-02-01'),
(152, 'Yapay Zeka Uygulamaları', 2020, 2, 30, 350, 'Türkçe', 'Dijital', 'Kitap', 1, '2023-03-01'),
(153, 'Makine Öğrenimi ve Derin Öğrenme', 2018, 5, 30, 400, 'Türkçe', 'Dijital', 'Kitap', 1, '2023-04-01'),
(154, 'İstatistiksel Analiz', 2017, 4, 20, 250, 'İngilizce', 'Dijital', 'Kitap', 1, '2023-05-01'),
(155, 'Bilgisayar Bilimleri', 2021, 3, 25, 300, 'Türkçe', 'Dijital', 'Kitap', 1, '2023-06-01'),
(156, 'Robotik', 2019, 6, 40, 450, 'İngilizce', 'Dijital', 'Kitap', 1, '2023-07-01'),
(157, 'NLP (Doğal Dil İşleme)', 2022, 5, 35, 350, 'Türkçe', 'Dijital', 'Kitap', 1, '2023-08-01'),
(158, 'Yapay Zeka ve Robotik', 2020, 2, 30, 320, 'İngilizce', 'Dijital', 'Kitap', 1, '2023-09-01'),
(159, 'Veri Bilimi ve İstatistik', 2018, 4, 20, 280, 'Türkçe', 'Dijital', 'Kitap', 1, '2023-10-01'),
(160, 'Yapay Zeka ve Makine Öğrenimi', 2021, 3, 15, 300, 'İngilizce', 'Dijital', 'Kitap', 1, '2023-11-01');

INSERT INTO EKaynak (KaynakID, DijitalFormat, URL) VALUES
(151, 'PDF', 'http://example.com/veri-bilimi.pdf'),
(152, 'EPUB', 'http://example.com/yapay-zeka-uygulamalari.epub'),
(153, 'MOBI', 'http://example.com/makine-ogrenimi-derin-ogrenme.mobi'),
(154, 'PDF', 'http://example.com/istatistiksel-analiz.pdf'),
(155, 'EPUB', 'http://example.com/bilgisayar-bilimleri.epub'),
(156, 'MOBI', 'http://example.com/robotik.mobi'),
(157, 'PDF', 'http://example.com/nlp.pdf'),
(158, 'EPUB', 'http://example.com/yapay-zeka-robotik.epub'),
(159, 'MOBI', 'http://example.com/veri-bilimi-istatistik.mobi'),
(160, 'PDF', 'http://example.com/yapay-zeka-makine-ogrenimi.pdf');


-- YAZARLAR
INSERT INTO Yazarlar (KaynakID, YazarAdi) VALUES
(1, 'John Doe'),
(1, 'Mary Jane'),
(2, 'Jane Smith'),
(3, 'Ali Veli'),
(3, 'Ali Şahin'),
(4, 'Ahmet Yılmaz'),
(5, 'Mehmet Kaya'),
(6, 'Ayşe Demir'),
(7, 'Fatma Aydın'),
(8, 'Hüseyin Çelik'),
(9, 'Emre Yıldırım'),
(10, 'Zeynep Çetin'),
(11, 'Mustafa Aksoy'),
(12, 'Kemal Öz'),
(13, 'Sinem Güneş'),
(14, 'Fikret Öztürk'),
(15, 'Gülşah Şahin'),
(16, 'Seda Kılıç'),
(17, 'Okan Yıldız'),
(18, 'Banu Arslan'),
(19, 'Pelin Erdoğan'),
(20, 'Cemal Keskin'),
(21, 'Aylin Korkmaz'),
(22, 'Sevim Doğan'),
(23, 'Erdal Karaca'),
(24, 'Tamer Acar'),
(25, 'Bülent Şimşek'),
(26, 'Burak Özdemir'),
(27, 'Esra Güven'),
(28, 'Murat Bayram'),
(29, 'Rıza Kaplan'),
(30, 'İlker Demirtaş'),
(31, 'Canan Aslan'),
(32, 'Funda Çakır'),
(33, 'Yasemin Polat'),
(34, 'Levent Demirci'),
(35, 'Ozan Topçu'),
(36, 'Aysel Yüce'),
(37, 'Serkan Aktaş'),
(38, 'Hande Uslu'),
(39, 'Gizem Sarı'),
(40, 'Tolga Kılıç'),
(41, 'Sibel Tekin'),
(42, 'Volkan Kaya'),
(43, 'Gamze Özgür'),
(44, 'Ece Erdem'),
(45, 'Koray Akın'),
(46, 'Şebnem Karataş'),
(47, 'Deniz Özcan'),
(48, 'Bahar Güzel'),
(49, 'Yusuf Koç'),
(50, 'Ebru Kaplan'),
(51, 'Hakan Korkut'),
(52, 'Nihan Öztürk'),
(53, 'Umut Doğan'),
(54, 'Nilgün Yavuz'),
(55, 'Hülya Dursun'),
(56, 'Bora Erdoğan'),
(57, 'Serpil Aslan'),
(58, 'Ferhat Yılmaz'),
(59, 'Tuğba Çetin'),
(60, 'Merve Arslan'),
(61, 'Yavuz Kılıç'),
(62, 'Rıdvan Çelik'),
(63, 'Dilek Kaplan'),
(64, 'Şule Aksoy'),
(65, 'Cenk Kara'),
(66, 'Çağla Yıldız'),
(67, 'Gökhan Öztürk'),
(68, 'Neslihan Korkmaz'),
(69, 'Sevil Acar'),
(70, 'Oğuzhan Arslan'),
(71, 'Meltem Yücel'),
(72, 'Berk Bayraktar'),
(73, 'Seda Güven'),
(74, 'Atilla Çakır'),
(75, 'Nevin Güneş'),
(76, 'Zekiye Keskin'),
(77, 'Şahin Öz'),
(78, 'Kerem Demirtaş'),
(79, 'Ayşegül Şahin'),
(80, 'Gülhan Sarı'),
(81, 'Burcu Erdoğan'),
(82, 'Cem Özkan'),
(83, 'Sevda Doğan'),
(84, 'Can Özdemir'),
(85, 'Cihan Yıldırım'),
(86, 'Gözde Aydın'),
(87, 'Ferdi Aksoy'),
(88, 'Elif Çetin'),
(89, 'Ahmet Kaya'),
(90, 'Leyla Demir'),
(91, 'Veli Yüce'),
(92, 'Orhan Uslu'),
(93, 'Binnaz Polat'),
(94, 'Mesut Kara'),
(95, 'Nazlı Acar'),
(96, 'Buket Akın'),
(97, 'Fatih Kılıç'),
(98, 'Nihat Çelik'),
(99, 'Tülay Kaplan'),
(100, 'Hacer Demirci'),
(101, 'Özkan Doğan'),
(102, 'Mehmet Yılmaz'),
(103, 'Ayşe Çetin'),
(104, 'Murat Öz'),
(105, 'Büşra Aslan'),
(106, 'Ozan Kılıç'),
(107, 'Gizem Kara'),
(108, 'Fikret Yıldız'),
(109, 'Yasemin Demir'),
(110, 'Burak Çelik'),
(111, 'Deniz Korkut'),
(112, 'Sibel Kaya'),
(113, 'Volkan Acar'),
(114, 'Funda Güzel'),
(115, 'Kemal Yavuz'),
(116, 'Sinem Aksoy'),
(117, 'Gülşah Arslan'),
(118, 'Tolga Bayram'),
(119, 'Serkan Kılıç'),
(120, 'Hande Kaplan'),
(121, 'John Doe'),
(122, 'Jane Smith'),
(123, 'Ali Veli'),
(124, 'Ahmet Yılmaz'),
(125, 'Mehmet Kaya'),
(126, 'Ayşe Demir'),
(127, 'Fatma Aydın'),
(128, 'Hüseyin Çelik'),
(129, 'Emre Yıldırım'),
(130, 'Zeynep Çetin'),
(131, 'Mustafa Aksoy'),
(132, 'Kemal Öz'),
(133, 'Sinem Güneş'),
(134, 'Fikret Öztürk'),
(135, 'Gülşah Şahin'),
(136, 'Seda Kılıç'),
(137, 'Okan Yıldız'),
(138, 'Banu Arslan'),
(139, 'Pelin Erdoğan'),
(140, 'Cemal Keskin'),
(141, 'Aylin Korkmaz'),
(142, 'Sevim Doğan'),
(143, 'Erdal Karaca'),
(144, 'Tamer Acar'),
(145, 'Bülent Şimşek'),
(146, 'Burak Özdemir'),
(147, 'Esra Güven'),
(148, 'Murat Bayram'),
(149, 'Rıza Kaplan'),
(150, 'İlker Demirtaş'),
(151, 'Canan Aslan'),
(152, 'Funda Çakır'),
(153, 'Yasemin Polat'),
(154, 'Levent Demirci'),
(155, 'Ozan Topçu'),
(156, 'Aysel Yüce'),
(157, 'Serkan Aktaş'),
(158, 'Hande Uslu'),
(159, 'Gizem Sarı'),
(160, 'Tolga Kılıç');

-- Öğrenci

-- Kullanici tablosunu doldur
INSERT INTO Kullanici (Ad, Soyad, Email, Sifre, Telefon, Adres, KayitTarihi, CezaPuani) VALUES
('Mehmet', 'Demir', 'mehmet.demir1@example.com', 'sifre789', '5551112250', 'Izmir', '2023-01-15', 0),
('Ahmet', 'Yıldız', 'ahmet.yildiz2@example.com', 'sifre3232', '5551112801', 'Ankara', '2023-02-01', 0),
('Ayşe', 'Güneş', 'ayse.gunes2@example.com', 'sifre3333', '5551112812', 'Izmir', '2023-03-01', 1),
('Ali', 'Kaya', 'ali.kaya2@example.com', 'sifre3434', '5551112823', 'Antalya', '2023-04-01', 0),
('Elif', 'Ak', 'elif.ak2@example.com', 'sifre3535', '5551112834', 'Bursa', '2023-05-01', 2),
('Hakan', 'Çetin', 'hakan.cetin2@example.com', 'sifre3636', '5551112845', 'Istanbul', '2023-06-01', 0),
('Zeynep', 'Korkmaz', 'zeynep.korkmaz2@example.com', 'sifre3737', '5551112856', 'Ankara', '2023-07-01', 1),
('Cem', 'Yılmaz', 'cem.yilmaz2@example.com', 'sifre3838', '5551112867', 'Izmir', '2023-08-01', 0),
('Seda', 'Polat', 'seda.polat2@example.com', 'sifre3939', '5551112878', 'Antalya', '2023-09-01', 2),
('Murat', 'Yıldırım', 'murat.yildirim2@example.com', 'sifre4040', '5551112889', 'Bursa', '2023-10-01', 0),
('Selin', 'Demirci', 'selin.demirci2@example.com', 'sifre4141', '5551112890', 'Istanbul', '2023-11-01', 1),
('Ege', 'Acar', 'ege.acar2@example.com', 'sifre4242', '5551112901', 'Ankara', '2023-12-01', 0),
('Yasemin', 'Öztürk', 'yasemin.ozturk2@example.com', 'sifre4343', '5551112912', 'Izmir', '2024-01-01', 2),
('Can', 'Kara', 'can.kara2@example.com', 'sifre4444', '5551112923', 'Antalya', '2024-02-01', 0),
('Leyla', 'Bulut', 'leyla.bulut2@example.com', 'sifre4545', '5551112934', 'Bursa', '2024-03-01', 0),
('Osman', 'Turan', 'osman.turan2@example.com', 'sifre4646', '5551112945', 'Istanbul', '2024-04-01', 1),
('Ceren', 'Deniz', 'ceren.deniz2@example.com', 'sifre4747', '5551112956', 'Ankara', '2024-05-01', 0),
('Barış', 'Arslan', 'baris.arslan2@example.com', 'sifre4848', '5551112967', 'Izmir', '2024-06-01', 2),
('Sevgi', 'Gül', 'sevgi.gul2@example.com', 'sifre4949', '5551112978', 'Antalya', '2024-07-01', 0),
('Mehmet', 'Demir', 'mehmet.demir2@example.com', 'sifre5050', '5551112989', 'Bursa', '2024-08-01', 1),
('Fatma', 'Kara', 'fatma.kara2@example.com', 'sifre5151', '5551112990', 'Istanbul', '2024-09-01', 0),
('Ahmet', 'Yıldız', 'ahmet.yildiz3@example.com', 'sifre5252', '5551113001', 'Ankara', '2023-02-01', 0),
('Ayşe', 'Güneş', 'ayse.gunes3@example.com', 'sifre5353', '5551113012', 'Izmir', '2023-03-01', 1),
('Ali', 'Kaya', 'ali.kaya3@example.com', 'sifre5454', '5551113023', 'Antalya', '2023-04-01', 0),
('Elif', 'Ak', 'elif.ak3@example.com', 'sifre5555', '5551113034', 'Bursa', '2023-05-01', 2),
('Hakan', 'Çetin', 'hakan.cetin3@example.com', 'sifre5656', '5551113045', 'Istanbul', '2023-06-01', 0),
('Zeynep', 'Korkmaz', 'zeynep.korkmaz3@example.com', 'sifre5757', '5551113056', 'Ankara', '2023-07-01', 1),
('Cem', 'Yılmaz', 'cem.yilmaz3@example.com', 'sifre5858', '5551113067', 'Izmir', '2023-08-01', 0),
('Seda', 'Polat', 'seda.polat3@example.com', 'sifre5959', '5551113078', 'Antalya', '2023-09-01', 2),
('Murat', 'Yıldırım', 'murat.yildirim3@example.com', 'sifre6060', '5551113089', 'Bursa', '2023-10-01', 0),
('Selin', 'Demirci', 'selin.demirci3@example.com', 'sifre6161', '5551113090', 'Istanbul', '2023-11-01', 1),
('Ege', 'Acar', 'ege.acar3@example.com', 'sifre6262', '5551113101', 'Ankara', '2023-12-01', 0),
('Yasemin', 'Öztürk', 'yasemin.ozturk3@example.com', 'sifre6363', '5551113112', 'Izmir', '2024-01-01', 2),
('Can', 'Kara', 'can.kara3@example.com', 'sifre6464', '5551113123', 'Antalya', '2024-02-01', 0),
('Leyla', 'Bulut', 'leyla.bulut3@example.com', 'sifre6565', '5551113134', 'Bursa', '2024-03-01', 0),
('Osman', 'Turan', 'osman.turan3@example.com', 'sifre6666', '5551113145', 'Istanbul', '2024-04-01', 1),
('Ceren', 'Deniz', 'ceren.deniz3@example.com', 'sifre6767', '5551113156', 'Ankara', '2024-05-01', 0),
('Barış', 'Arslan', 'baris.arslan3@example.com', 'sifre6868', '5551113167', 'Izmir', '2024-06-01', 2),
('Sevgi', 'Gül', 'sevgi.gul3@example.com', 'sifre6969', '5551113178', 'Antalya', '2024-07-01', 0),
('Mehmet', 'Demir', 'mehmet.demir3@example.com', 'sifre7070', '5551113189', 'Bursa', '2024-08-01', 1),
('Fatma', 'Kara', 'fatma.kara3@example.com', 'sifre7171', '5551113190', 'Istanbul', '2024-09-01', 0),
('Ahmet', 'Yıldız', 'ahmet.yildiz4@example.com', 'sifre7272', '5551113201', 'Ankara', '2023-02-01', 0),
('Ayşe', 'Güneş', 'ayse.gunes4@example.com', 'sifre7373', '5551113212', 'Izmir', '2023-03-01', 1),
('Ali', 'Kaya', 'ali.kaya4@example.com', 'sifre7474', '5551113223', 'Antalya', '2023-04-01', 0),
('Elif', 'Ak', 'elif.ak4@example.com', 'sifre7575', '5551113234', 'Bursa', '2023-05-01', 2),
('Hakan', 'Çetin', 'hakan.cetin4@example.com', 'sifre7676', '5551113245', 'Istanbul', '2023-06-01', 0),
('Zeynep', 'Korkmaz', 'zeynep.korkmaz4@example.com', 'sifre7777', '5551113256', 'Ankara', '2023-07-01', 1),
('Cem', 'Yılmaz', 'cem.yilmaz4@example.com', 'sifre7878', '5551113267', 'Izmir', '2023-08-01', 0),
('Seda', 'Polat', 'seda.polat4@example.com', 'sifre7979', '5551113278', 'Antalya', '2023-09-01', 2),
('Murat', 'Yıldırım', 'murat.yildirim4@example.com', 'sifre8080', '5551113289', 'Bursa', '2023-10-01', 0),
('Selin', 'Demirci', 'selin.demirci4@example.com', 'sifre8181', '5551113290', 'Istanbul', '2023-11-01', 1),
('Fatma', 'Kara', 'fatma.kara@example.com', 'sifre101', '5551113300', 'Antalya', '2023-01-20', 1),
('Ahmet', 'Yıldız', 'ahmet.yildiz@example.com', 'sifre202', '5551113311', 'Bursa', '2023-02-10', 2),
('Ayşe', 'Güneş', 'ayse.gunes@example.com', 'sifre303', '5551113322', 'Istanbul', '2023-03-05', 0),
('Ali', 'Kaya', 'ali.kaya5@example.com', 'sifre404', '5551113333', 'Ankara', '2023-04-15', 0),
('Elif', 'Ak', 'elif.ak48@example.com', 'sifre505', '5551113344', 'Izmir', '2023-05-25', 1),
('Hakan', 'Çetin', 'hakan.cetin47@example.com', 'sifre606', '5551113355', 'Antalya', '2023-06-05', 0),
('Zeynep', 'Korkmaz', 'zeynep.korkmaz46@example.com', 'sifre707', '5551113366', 'Bursa', '2023-07-15', 2),
('Cem', 'Yılmaz', 'cem.yilmaz11@example.com', 'sifre808', '5551113377', 'Istanbul', '2023-08-20', 0),
('Seda', 'Polat', 'seda.polat@example.com', 'sifre909', '5551113388', 'Ankara', '2023-09-25', 1),
('Murat', 'Yıldırım', 'murat.yildirim@example.com', 'sifre1010', '5551113399', 'Izmir', '2023-10-15', 0),
('Selin', 'Demirci', 'selin.demirci@example.com', 'sifre1111', '5551113400', 'Antalya', '2023-11-10', 0),
('Ege', 'Acar', 'ege.acar45@example.com', 'sifre1212', '5551113411', 'Bursa', '2023-12-05', 1),
('Yasemin', 'Öztürk', 'yasemin.ozturk11@example.com', 'sifre1313', '5551113422', 'Istanbul', '2023-12-15', 0),
('Can', 'Kara', 'can.kara44@example.com', 'sifre1414', '5551113433', 'Ankara', '2024-01-01', 0),
('Leyla', 'Bulut', 'leyla.bulut43@example.com', 'sifre1515', '5551113444', 'Izmir', '2024-01-05', 2),
('Osman', 'Turan', 'osman.turan42@example.com', 'sifre1616', '5551113455', 'Antalya', '2024-01-10', 0),
('Ceren', 'Deniz', 'ceren.deniz41@example.com', 'sifre1717', '5551113466', 'Bursa', '2024-01-15', 1),
('Barış', 'Arslan', 'baris.arslan40@example.com', 'sifre1818', '5551113477', 'Istanbul', '2024-01-20', 0),
('Sevgi', 'Gül', 'sevgi.gul39@example.com', 'sifre1919', '5551113488', 'Ankara', '2024-01-25', 0),
('Ayşe', 'Yılmaz', 'ayse.yilmaz38@example.com', 'sifre456', '5551113499', 'Istanbul', '2023-02-01', 0),
('Ahmet', 'Kara', 'ahmet.kara37example.com', 'sifre567', '5551113500', 'Bursa', '2023-03-01', 1),
('Fatma', 'Demir', 'fatma.demir36@example.com', 'sifre678', '5551113511', 'Ankara', '2023-04-01', 0),
('Mehmet', 'Güneş', 'mehmet.gunes35@example.com', 'sifre789', '5551113522', 'Izmir', '2023-05-01', 2),
('Ali', 'Kaya', 'ali.kaya6@example.com', 'sifre890', '5551113533', 'Istanbul', '2023-06-01', 0),
('Elif', 'Ak', 'elif.ak5@example.com', 'sifre901', '5551113544', 'Bursa', '2023-07-01', 1),
('Hakan', 'Çetin', 'hakan.cetin10@example.com', 'sifre012', '5551113555', 'Ankara', '2023-08-01', 0),
('Zeynep', 'Korkmaz', 'zeynep.korkmaz10@example.com', 'sifre123', '5551113566', 'Izmir', '2023-09-01', 2),
('Cem', 'Yılmaz', 'cem.yilmaz12@example.com', 'sifre234', '5551113577', 'Antalya', '2023-10-01', 0),
('Seda', 'Polat', 'seda.polat10@example.com', 'sifre345', '5551113588', 'Istanbul', '2023-11-01', 1),
('Murat', 'Yıldırım', 'murat.yildirim10@example.com', 'sifre456', '5551113599', 'Bursa', '2023-12-01', 0),
('Selin', 'Demirci', 'selin.demirci10@example.com', 'sifre567', '5551113600', 'Ankara', '2024-01-01', 2),
('Ege', 'Acar', 'ege.acar10@example.com', 'sifre678', '5551113611', 'Izmir', '2024-02-01', 0),
('Yasemin', 'Öztürk', 'yasemin.ozturk10@example.com', 'sifre789', '5551113622', 'Antalya', '2024-03-01', 0),
('Can', 'Kara', 'can.kara10@example.com', 'sifre890', '5551113633', 'Istanbul', '2024-04-01', 1),
('Leyla', 'Bulut', 'leyla.bulut10@example.com', 'sifre901', '5551113644', 'Bursa', '2024-05-01', 0),
('Osman', 'Turan', 'osman.turan30@example.com', 'sifre012', '5551113655', 'Ankara', '2024-06-01', 2),
('Ceren', 'Deniz', 'ceren.deniz29@example.com', 'sifre123', '5551113666', 'Izmir', '2024-07-01', 0),
('Barış', 'Arslan', 'baris.arslan28@example.com', 'sifre234', '5551113677', 'Antalya', '2024-08-01', 1),
('Sevgi', 'Gül', 'sevgi.gul27@example.com', 'sifre345', '5551113688', 'Istanbul', '2024-09-01', 0),
('Ahmet', 'Yıldız', 'ahmet.yildiz5@example.com', 'sifre456', '5551113699', 'Ankara', '2023-02-01', 0),
('Ayşe', 'Güneş', 'ayse.gunes5@example.com', 'sifre567', '5551113700', 'Izmir', '2023-03-01', 1),
('Ali', 'Kaya', 'ali.kaya10@example.com', 'sifre678', '5551113711', 'Antalya', '2023-04-01', 0),
('Elif', 'Ak', 'elif.ak6@example.com', 'sifre789', '5551113722', 'Bursa', '2023-05-01', 2),
('Hakan', 'Çetin', 'hakan.cetin5@example.com', 'sifre890', '5551113733', 'Istanbul', '2023-06-01', 0),
('Zeynep', 'Korkmaz', 'zeynep.korkmaz5@example.com', 'sifre901', '5551113744', 'Ankara', '2023-07-01', 1),
('Cem', 'Yılmaz', 'cem.yilmaz5@example.com', 'sifre012', '5551113755', 'Izmir', '2023-08-01', 0),
('Seda', 'Polat', 'seda.polat5@example.com', 'sifre123', '5551113766', 'Antalya', '2023-09-01', 2),
('Murat', 'Yıldırım', 'murat.yildirim5@example.com', 'sifre234', '5551113777', 'Bursa', '2023-10-01', 0),
('Selin', 'Demirci', 'selin.demirci5@example.com', 'sifre345', '5551113788', 'Istanbul', '2023-11-01', 1),
('Ege', 'Acar', 'ege.acar5@example.com', 'sifre456', '5551113799', 'Ankara', '2023-12-01', 0),
('Yasemin', 'Öztürk', 'yasemin.ozturk5@example.com', 'sifre567', '5551113800', 'Izmir', '2024-01-01', 2),
('Can', 'Kara', 'can.kara5@example.com', 'sifre678', '5551113811', 'Antalya', '2024-02-01', 0),
('Leyla', 'Bulut', 'leyla.bulut5@example.com', 'sifre789', '5551113822', 'Bursa', '2024-03-01', 0),
('Osman', 'Turan', 'osman.turan5@example.com', 'sifre890', '5551113833', 'Istanbul', '2024-04-01', 1),
('Ceren', 'Deniz', 'ceren.deniz5@example.com', 'sifre901', '5551113844', 'Ankara', '2024-05-01', 0),
('Barış', 'Arslan', 'baris.arslan5@example.com', 'sifre012', '5551113855', 'Izmir', '2024-06-01', 2),
('Sevgi', 'Gül', 'sevgi.gul5@example.com', 'sifre123', '5551113866', 'Antalya', '2024-07-01', 0),
('Mehmet', 'Demir', 'mehmet.demir5@example.com', 'sifre234', '5551113877', 'Bursa', '2024-08-01', 1),
('Fatma', 'Kara', 'fatma.kara5@example.com', 'sifre345', '5551113888', 'Istanbul', '2024-09-01', 0),
('Ali', 'Kara', 'ali.kara25@example.com', 'sifre2020', '5551113899', 'Istanbul', '2023-06-01', 0),
('Ayşe', 'Yıldız', 'ayse.yildiz24@example.com', 'sifre3030', '5551113900', 'Bursa', '2023-07-01', 1),
('Mehmet', 'Çetin', 'mehmet.cetin23@example.com', 'sifre4040', '5551113911', 'Ankara', '2023-08-01', 0),
('Fatma', 'Polat', 'fatma.polat22@example.com', 'sifre5050', '5551113922', 'Izmir', '2023-09-01', 2),
('Ahmet', 'Acar', 'ahmet.acar21@example.com', 'sifre6060', '5551113933', 'Antalya', '2023-10-01', 0),
('Hakan', 'Çetin', 'hakan.cetin11@example.com', 'sifre7070', '5551113944', 'Bursa', '2023-11-01', 1),
('Zeynep', 'Korkmaz', 'zeynep.korkmaz11@example.com', 'sifre8080', '5551113955', 'Istanbul', '2023-12-01', 0),
('Cem', 'Yılmaz', 'cem.yilmaz13@example.com', 'sifre9090', '5551113966', 'Ankara', '2024-01-01', 2),
('Seda', 'Polat', 'seda.polat11@example.com', 'sifre1010', '5551113977', 'Izmir', '2024-02-01', 0),
('Murat', 'Yıldırım', 'murat.yildirim11@example.com', 'sifre1111', '5551113988', 'Antalya', '2024-03-01', 0),
('Elif', 'Yıldız', 'elif.yildiz20@example.com', 'sifre1212', '5551113999', 'Bursa', '2023-11-01', 0),
('Cem', 'Arslan', 'cem.arslan19@example.com', 'sifre1313', '5551114000', 'Istanbul', '2023-12-01', 1),
('Leyla', 'Demirci', 'leyla.demirci18@example.com', 'sifre1414', '5551114011', 'Ankara', '2024-01-01', 0),
('Osman', 'Korkmaz', 'osman.korkmaz17@example.com', 'sifre1515', '5551114022', 'Izmir', '2024-02-01', 2),
('Ceren', 'Yıldırım', 'ceren.yildirim16@example.com', 'sifre1616', '5551114033', 'Antalya', '2024-03-01', 0),
('Barış', 'Turan', 'baris.turan15@example.com', 'sifre1717', '5551114044', 'Bursa', '2024-04-01', 1),
('Sevgi', 'Güneş', 'sevgi.gunes14@example.com', 'sifre1818', '5551114055', 'Istanbul', '2024-05-01', 0),
('Ege', 'Acar', 'ege.acar11@example.com', 'sifre1919', '5551114066', 'Ankara', '2024-06-01', 2),
('Mehmet', 'Demir', 'mehmet.demir13@example.com', 'sifre2020', '5551114077', 'Izmir', '2024-07-01', 0),
('Fatma', 'Kara', 'fatma.kara12@example.com', 'sifre2121', '5551114088', 'Antalya', '2024-08-01', 1),
('Ahmet', 'Yıldız', 'ahmet.yildiz11@example.com', 'sifre2222', '5551114099', 'Bursa', '2024-09-01', 0),
('Ayşe', 'Güneş', 'ayse.gunes10@example.com', 'sifre2323', '5551114100', 'Istanbul', '2024-10-01', 1),
('Ali', 'Kaya', 'ali.kaya7@example.com', 'sifre2424', '5551114111', 'Ankara', '2024-11-01', 0),
('Elif', 'Ak', 'elif.ak7@example.com', 'sifre2525', '5551114122', 'Izmir', '2024-12-01', 2),
('Hakan', 'Çetin', 'hakan.cetin12@example.com', 'sifre2626', '5551114133', 'Antalya', '2025-01-01', 0),
('Zeynep', 'Korkmaz', 'zeynep.korkmaz12@example.com', 'sifre2727', '5551114144', 'Bursa', '2025-02-01', 1),
('Cem', 'Yılmaz', 'cem.yilmaz14@example.com', 'sifre2828', '5551114155', 'Istanbul', '2025-03-01', 0),
('Seda', 'Polat', 'seda.polat12@example.com', 'sifre2929', '5551114166', 'Ankara', '2025-04-01', 2),
('Murat', 'Yıldırım', 'murat.yildirim12@example.com', 'sifre3030', '5551114177', 'Izmir', '2025-05-01', 0),
('Selin', 'Demirci', 'selin.demirci11@example.com', 'sifre3131', '5551114188', 'Antalya', '2025-06-01', 1);




-- Ogrenci tablosunu doldur
INSERT INTO Ogrenci (KullaniciID, OgrenciNo, Bolum) VALUES
(1, '123456', 'Bilgisayar Mühendisliği'),
(2, '654321', 'Elektrik-Elektronik Mühendisliği'),
(3, '789012', 'Makine Mühendisliği'),
(4, '111222', 'Endüstri Mühendisliği'),
(5, '333444', 'İnşaat Mühendisliği'),
(6, '555666', 'Kimya Mühendisliği'),
(7, '777888', 'Fizik'),
(8, '999000', 'Matematik'),
(9, '112233', 'Biyoloji'),
(10, '445566', 'Tıp'),
(11, '667788', 'Eczacılık'),
(12, '889900', 'Hukuk'),
(13, '123654', 'İktisat'),
(14, '321456', 'İşletme'),
(15, '987123', 'Sosyoloji'),
(16, '654789', 'Psikoloji'),
(17, '789654', 'Felsefe'),
(18, '456123', 'Tarih'),
(19, '987321', 'Coğrafya'),
(20, '321987', 'İlahiyat'),
(21, '147258', 'Çevre Mühendisliği'),
(22, '258369', 'Maden Mühendisliği'),
(23, '369258', 'Jeoloji Mühendisliği'),
(24, '147369', 'Ziraat Mühendisliği'),
(25, '258147', 'Gemi İnşaatı Mühendisliği'),
(26, '369147', 'Bilgisayar Bilimleri'),
(27, '147258', 'İstatistik'),
(28, '258147', 'Fizyoterapi'),
(29, '369258', 'Diş Hekimliği'),
(30, '147369', 'Hemşirelik'),
(31, '258369', 'Veterinerlik'),
(32, '369147', 'Orman Mühendisliği'),
(33, '147258', 'Deniz Bilimleri'),
(34, '258369', 'Arkeoloji'),
(35, '369147', 'Sanat Tarihi'),
(36, '147369', 'Grafik Tasarım'),
(37, '258147', 'Moda Tasarımı'),
(38, '369258', 'Müzik'),
(39, '147369', 'Spor Bilimleri'),
(40, '258369', 'Mimarlık'),
(41, '369147', 'Şehir ve Bölge Planlama'),
(42, '147258', 'Gazetecilik'),
(43, '258369', 'Radyo, Televizyon ve Sinema'),
(44, '369258', 'İletişim Tasarımı'),
(45, '147369', 'Bilgisayar Programcılığı'),
(46, '258147', 'Elektronik Haberleşme'),
(47, '369258', 'Bilgi Güvenliği'),
(48, '147369', 'Veri Bilimi'),
(49, '258147', 'Yapay Zeka'),
(50, '369258', 'Robotik ve Otomasyon'),
(51, '147369', 'Otomotiv Mühendisliği'),
(52, '258369', 'Uzay Mühendisliği'),
(53, '369147', 'Havacılık ve Uzay Bilimleri'),
(54, '147258', 'Denizcilik'),
(55, '258147', 'Pilotaj'),
(56, '369258', 'Kontrol ve Otomasyon'),
(57, '147369', 'Makine Resim ve Konstrüksiyon'),
(58, '258369', 'Enerji Sistemleri'),
(59, '369147', 'Nükleer Enerji Mühendisliği'),
(60, '147258', 'Yenilenebilir Enerji'),
(61, '258147', 'Petrol ve Doğalgaz Mühendisliği'),
(62, '369258', 'Savunma Sistemleri'),
(63, '147369', 'Nanoteknoloji'),
(64, '258369', 'Biyomedikal Mühendisliği'),
(65, '369147', 'Genetik ve Biyoteknoloji'),
(66, '147258', 'Beslenme ve Diyetetik'),
(67, '258147', 'Sağlık Yönetimi'),
(68, '369258', 'Eğitim Bilimleri'),
(69, '147369', 'Okul Öncesi Öğretmenliği'),
(70, '258369', 'İlköğretim Öğretmenliği'),
(71, '369147', 'Ortaöğretim Öğretmenliği'),
(72, '147258', 'Özel Eğitim Öğretmenliği'),
(73, '258369', 'Rehberlik ve Psikolojik Danışmanlık'),
(74, '369258', 'Yabancı Dil Öğretmenliği'),
(75, '147369', 'Türk Dili ve Edebiyatı'),
(76, '258369', 'Çağdaş Türk Lehçeleri ve Edebiyatları'),
(77, '369147', 'Alman Dili ve Edebiyatı'),
(78, '147258', 'Fransız Dili ve Edebiyatı'),
(79, '258369', 'İngiliz Dili ve Edebiyatı'),
(80, '369147', 'Amerikan Kültürü ve Edebiyatı'),
(81, '147258', 'Karşılaştırmalı Edebiyat'),
(82, '258369', 'Antropoloji'),
(83, '369258', 'Coğrafya'),
(84, '147369', 'Bilgi ve Belge Yönetimi'),
(85, '258147', 'Halkla İlişkiler ve Tanıtım'),
(86, '369258', 'Reklamcılık'),
(87, '147369', 'Sinema ve Dijital Medya'),
(88, '258369', 'Görsel İletişim Tasarımı'),
(89, '369147', 'Bilişim Sistemleri ve Teknolojileri'),
(90, '147258', 'Bilgisayar Destekli Tasarım ve Animasyon'),
(91, '258369', 'Dijital Oyun Tasarımı'),
(92, '369147', 'Grafik Tasarımı'),
(93, '147258', 'Müzik Teknolojileri'),
(94, '258369', 'Piyano'),
(95, '369147', 'Bateri'),
(96, '147258', 'Gitar'),
(97, '258369', 'Keman'),
(98, '369147', 'Çello'),
(99, '147258', 'Vurmalı Çalgılar'),
(100, '258369', 'Orkestra Şefliği');

-- Mezun tablosunu doldur
INSERT INTO Mezun (KullaniciID, OgrenciNo, MezuniyetTarihi) VALUES
(1, '123456', '2023-06-01'),
(3, '789012', '2023-06-01'),
(5, '333444', '2023-06-01'),
(7, '777888', '2023-06-01'),
(9, '112233', '2023-06-01'),
(11, '667788', '2023-06-01'),
(13, '123654', '2023-06-01'),
(15, '987123', '2023-06-01'),
(17, '789654', '2023-06-01'),
(19, '987321', '2023-06-01'),
(21, '147258', '2023-06-01'),
(23, '369258', '2023-06-01'),
(25, '258147', '2023-06-01'),
(27, '147258', '2023-06-01'),
(29, '369258', '2023-06-01'),
(31, '258369', '2023-06-01'),
(33, '369147', '2023-06-01'),
(35, '258369', '2023-06-01'),
(37, '369258', '2023-06-01'),
(39, '147369', '2023-06-01'),
(41, '369147', '2023-06-01');

-- Aktif tablosunu doldur
INSERT INTO Aktif (KullaniciID, OgrenciNo, Sinif) VALUES
(2, '654321', 3),
(4, '111222', 2),
(6, '555666', 1),
(8, '999000', 4),
(10, '445566', 2),
(12, '889900', 3),
(14, '321456', 2),
(16, '654789', 1),
(18, '456123', 4),
(20, '321987', 3),
(22, '258369', 2),
(24, '147369', 1),
(26, '258147', 3),
(28, '369258', 4),
(30, '147369', 2),
(32, '258369', 1),
(34, '147258', 3),
(36, '258369', 4),
(38, '369147', 2),
(40, '258369', 1),
(42, '369258', 3),
(44, '147369', 2),
(46, '258369', 1),
(48, '369147', 3),
(50, '258369', 4),
(52, '369147', 2),
(54, '147258', 1),
(56, '258147', 3),
(58, '369258', 4),
(60, '147369', 2),
(62, '258369', 1),
(64, '147258', 3),
(66, '369258', 4),
(68, '147369', 2),
(70, '258369', 1),
(72, '369147', 3),
(74, '258147', 4),
(76, '369258', 2),
(78, '147369', 1),
(80, '258369', 3),
(82, '369147', 4),
(84, '147258', 2),
(86, '258147', 1),
(88, '369258', 3),
(90, '147369', 4),
(92, '258369', 2),
(94, '369147', 1),
(96, '258147', 3),
(98, '369258', 4),
(100, '147369', 2);


INSERT INTO Ogretmen (KullaniciID, OgretmenNo, Rutbe, Fakulte) VALUES
(101, '101012', 'Doçent', 'Fen-Edebiyat Fakültesi'),
(102, '101013', 'Yardımcı Doçent', 'Mühendislik Fakültesi'),
(103, '101014', 'Profesör', 'Tıp Fakültesi'),
(104, '101015', 'Dr. Öğr. Üyesi', 'Hukuk Fakültesi'),
(105, '101016', 'Profesör', 'İktisadi ve İdari Bilimler Fakültesi'),
(106, '101017', 'Doçent', 'Fen-Edebiyat Fakültesi'),
(107, '101018', 'Yardımcı Doçent', 'Mühendislik Fakültesi'),
(108, '101019', 'Profesör', 'Tıp Fakültesi'),
(109, '101020', 'Dr. Öğr. Üyesi', 'Hukuk Fakültesi'),
(110, '101021', 'Profesör', 'İktisadi ve İdari Bilimler Fakültesi');


INSERT INTO Personel (KullaniciID, Departman, Rutbe) VALUES
(111, 'Kütüphane', 'Kütüphaneci'),
(112, 'İdari İşler', 'Memur'),
(113, 'Teknik Hizmetler', 'Teknisyen'),
(114, 'Temizlik', 'Temizlik Görevlisi'),
(115, 'Güvenlik', 'Güvenlik Görevlisi'),
(116, 'Kütüphane', 'Kütüphaneci'),
(117, 'İdari İşler', 'Memur'),
(118, 'Teknik Hizmetler', 'Teknisyen'),
(119, 'Temizlik', 'Temizlik Görevlisi'),
(120, 'Güvenlik', 'Güvenlik Görevlisi');


INSERT INTO Sivil (KullaniciID, TCKN, Meslek) VALUES
(121, '12345678901', 'Mühendis'),
(122, '22345678902', 'Doktor'),
(123, '32345678903', 'Avukat'),
(124, '42345678904', 'Öğretmen'),
(125, '52345678905', 'Polis'),
(126, '62345678906', 'Mühendis'),
(127, '72345678907', 'Doktor'),
(128, '82345678908', 'Avukat'),
(129, '92345678909', 'Öğretmen'),
(130, '10345678910', 'Polis');

INSERT INTO CalismaAlani (Kapasite, Durum, OdaNo) VALUES
(10, 'Boş', '101'),
(8, 'Dolu', '102'),
(12, 'Boş', '103'),
(6, 'Boş', '104'),
(15, 'Dolu', '105'),
(10, 'Boş', '106'),
(8, 'Boş', '107'),
(10, 'Dolu', '108'),
(20, 'Boş', '109'),
(5, 'Dolu', '110');

INSERT INTO Istatistik (Tarih, ZiyaretSayisi, OduncAlmaSayisi, RezervasyonSayisi, CezaliKullaniciSayisi) VALUES
('2023-07-01', 150, 50, 20, 5),
('2023-07-02', 160, 55, 22, 4),
('2023-07-03', 170, 60, 25, 6),
('2023-07-04', 180, 65, 30, 7),
('2023-07-05', 190, 70, 35, 8),
('2023-07-06', 200, 75, 40, 9),
('2023-07-07', 210, 80, 45, 10),
('2023-07-08', 220, 85, 50, 11),
('2023-07-09', 230, 90, 55, 12),
('2023-07-10', 240, 95, 60, 13),
('2023-07-11', 250, 100, 65, 14),
('2023-07-12', 260, 105, 70, 15),
('2023-07-13', 270, 110, 75, 16),
('2023-07-14', 280, 115, 80, 17),
('2023-07-15', 290, 120, 85, 18),
('2023-07-16', 300, 125, 90, 19),
('2023-07-17', 310, 130, 95, 20),
('2023-07-18', 320, 135, 100, 21),
('2023-07-19', 330, 140, 105, 22),
('2023-07-20', 340, 145, 110, 23);

INSERT INTO Etkinlik (Ad, Aciklama, BaslangicTarihi, BitisTarihi, Konum, Kapasite) VALUES
('Kitap Kulübü', 'Kitap tartışma etkinliği', '2023-07-10', '2023-07-10', 'Salon 1', 20),
('Yazar Buluşması', 'Ünlü yazarla buluşma', '2023-07-15', '2023-07-15', 'Salon 2', 10),
('Film Gösterimi', 'Kitap uyarlaması film gösterimi', '2023-07-20', '2023-07-20', 'Salon 3', 10),
('Workshop', 'Yaratıcı yazarlık atölyesi', '2023-07-25', '2023-07-25', 'Salon 4', 20),
('Seminer', 'Edebiyat tarihi üzerine seminer', '2023-07-30', '2023-07-30', 'Salon 5', 20),
('Panel', 'Okuma alışkanlıkları paneli', '2023-08-05', '2023-08-05', 'Salon 6', 10),
('Söyleşi', 'Kitap karakterleri üzerine söyleşi', '2023-08-10', '2023-08-10', 'Salon 7', 10),
('Atölye', 'Dijital yayıncılık atölyesi', '2023-08-15', '2023-08-15', 'Salon 8', 10),
('Konferans', 'Kitap pazarlama teknikleri konferansı', '2023-08-20', '2023-08-20', 'Salon 9', 10),
('Sergi', 'Kitap illüstrasyonları sergisi', '2023-08-25', '2023-08-25', 'Salon 10', 7);


INSERT INTO OduncAlir (KullaniciID, KaynakID, OduncAlmaTarihi) VALUES
(1, 1, '2023-07-05'),
(2, 2, '2023-07-06'),
(3, 3, '2023-07-07'),
(4, 4, '2023-07-08'),
(5, 5, '2023-07-09'),
(6, 6, '2023-07-10'),
(7, 7, '2023-07-11'),
(8, 8, '2023-07-12'),
(9, 9, '2023-07-13'),
(10, 10, '2023-07-14'),
(11, 11, '2023-07-15'),
(12, 12, '2023-07-16'),
(13, 13, '2023-07-17'),
(14, 14, '2023-07-18'),
(15, 15, '2023-07-19'),
(16, 16, '2023-07-20'),
(17, 17, '2023-07-21'),
(18, 18, '2023-07-22'),
(19, 19, '2023-07-23'),
(20, 20, '2023-07-24'),
(21, 21, '2023-07-25'),
(22, 22, '2023-07-26'),
(23, 23, '2023-07-27'),
(24, 24, '2023-07-28'),
(25, 25, '2023-07-29'),
(26, 26, '2023-07-30'),
(27, 27, '2023-07-31'),
(28, 28, '2023-08-01'),
(29, 29, '2023-08-02'),
(30, 30, '2023-08-03');


INSERT INTO IadeEder (KullaniciID, KaynakID, GeriVermeTarihi, IadeEdilmesiGerekenTarih) VALUES
(1, 1, '2023-07-12', '2023-08-14'),
(2, 2, '2023-07-13', '2023-07-31'),
(3, 3, '2023-07-14', '2023-08-03'),
(4, 4, '2023-07-15', '2023-08-11'),
(5, 5, '2023-07-16', '2023-08-13'),
(6, 6, '2023-07-21', '2023-07-31'),
(7, 7, '2023-07-18', '2023-08-27'),
(8, 8, '2023-07-19', '2023-09-07'),
(9, 9, '2023-07-20', '2023-09-03'),
(10, 10, '2023-07-21', '2023-08-20');

INSERT INTO EtkinligeKatilir (KullaniciID, EtkinlikID) VALUES
(2, 1),
(3, 2),
(4, 3),
(5, 4),
(6, 5),
(7, 6),
(8, 7),
(9, 8),
(10, 9),
(1, 10),
(2, 2),
(3, 3),
(4, 4),
(5, 5),
(6, 6),
(7, 7),
(8, 8),
(9, 9),
(10, 10),
(1, 1),
(2, 3),
(3, 4),
(4, 5),
(5, 6),
(6, 7),
(7, 8),
(8, 9),
(9, 10),
(10, 1),
(1, 2),
(2, 4),
(3, 5),
(4, 6),
(5, 7),
(6, 8),
(7, 9),
(8, 10),
(9, 1),
(10, 2),
(1, 3),
(2, 5),
(3, 6),
(4, 7),
(5, 8),
(6, 9),
(7, 10),
(8, 1),
(9, 2),
(10, 3),
(1, 4),
(2, 6),
(3, 7),
(4, 8),
(5, 9),
(6, 10),
(7, 1),
(8, 2),
(9, 3),
(10, 4),
(1, 5),
(2, 7),
(3, 8),
(4, 9),
(5, 10),
(6, 1),
(7, 2),
(8, 3),
(9, 4),
(10, 5);

INSERT INTO IstatistikGorur (YoneticiID, IstatistikID) VALUES
(1, 1),
(2, 2),
(3, 3),
(4, 4),
(5, 5),
(6, 6),
(1, 7),
(2, 8),
(3, 9),
(4, 10);

INSERT INTO RezervasyonYapar (KullaniciID, CalismaAlaniID, RezervasyonSaati, RezervasyonTarihi, RezervasyonDurumu, KisiSayisi) VALUES
(1, 1, '10:00', '2023-08-01', 'Beklemede', 4), -- Kapasite uygun (10), Boş
(2, 2, '14:00', '2023-08-02', 'Tamamlandı', 10), -- Kapasite uygun (12), Boş
(3, 3, '09:00', '2023-08-03', 'İptal Edildi', 4), -- Kapasite uygun (6), Boş
(4, 4, '11:00', '2023-08-04', 'Beklemede', 5), -- Kapasite uygun (10), Boş
(5, 5, '15:00', '2023-08-05', 'Tamamlandı', 15); -- Kapasite uygun (20), Boş